{"v":"5.7.5","fr":30,"ip":0,"op":60,"w":500,"h":500,"nm":"Comp 1","ddd":0,"assets":[],"fonts":{"list":[{"fName":"CircularStd-Bold","fFamily":"Circular Std","fStyle":"Bold","ascent":72.39990234375}]},"layers":[{"ddd":0,"ind":1,"ty":5,"nm":"WELCOME ","sr":1,"ks":{"o":{"a":0,"k":100,"ix":11},"r":{"a":0,"k":0,"ix":10},"p":{"a":0,"k":[250,250,0],"ix":2,"l":2},"a":{"a":0,"k":[-1.318,-22.849,0],"ix":1,"l":2},"s":{"a":0,"k":[100,100,100],"ix":6,"l":2}},"ao":0,"ef":[{"ty":5,"nm":"Evolution_(%)_In","np":3,"mn":"ADBE Slider Control","ix":1,"en":1,"ef":[{"ty":0,"nm":"Slider","mn":"ADBE Slider Control-0001","ix":1,"v":{"a":1,"k":[{"i":{"x":[0],"y":[1]},"o":{"x":[0.167],"y":[0.167]},"t":6,"s":[100]},{"t":27,"s":[0]}],"ix":1}}]},{"ty":5,"nm":"Delay_In","np":3,"mn":"ADBE Slider Control","ix":2,"en":1,"ef":[{"ty":0,"nm":"Slider","mn":"ADBE Slider Control-0001","ix":1,"v":{"a":0,"k":0,"ix":1}}]},{"ty":5,"nm":"Reverse_In","np":3,"mn":"ADBE Checkbox Control","ix":3,"en":1,"ef":[{"ty":7,"nm":"Checkbox","mn":"ADBE Checkbox Control-0001","ix":1,"v":{"a":0,"k":0,"ix":1}}]},{"ty":5,"nm":"Scale_In","np":3,"mn":"ADBE Point3D Control","ix":4,"en":1,"ef":[{"ty":3,"nm":"3D Point","mn":"ADBE Point3D Control-0001","ix":1,"v":{"a":0,"k":[0,0,0],"ix":1}}]}],"t":{"d":{"k":[{"s":{"s":64,"f":"CircularStd-Bold","t":"WELCOME","ca":0,"j":2,"tr":0,"lh":76.8,"ls":0,"fc":[0.325,1,0.776]},"t":0}]},"p":{},"m":{"g":1,"a":{"a":0,"k":[0,0],"ix":2}},"a":[{"nm":"textEvo_In","s":{"t":1,"b":1,"x":"var $bm_rt;\nvar offset, t;\nvar v = effect('Evolution_(%)_In')(1);\nvar delay = effect('Delay_In')(1);\nvar reverse = effect('Reverse_In')(1);\nif (reverse == true) {\n    offset = $bm_mul($bm_mul($bm_sub(textTotal, textIndex), thisComp.frameDuration), delay);\n} else {\n    offset = $bm_mul($bm_mul($bm_sub(textIndex, 1), thisComp.frameDuration), delay);\n}\nt = $bm_sub(time, offset);\n$bm_rt = v.valueAtTime(t);"},"a":{"s":{"a":0,"k":[100,100,100],"ix":3,"x":"var $bm_rt;\nvar textFx;\ntry {\n    $bm_rt = textFx = effect('Scale_In');\n    if (textFx.active) {\n        $bm_rt = textFx(1);\n    } else {\n        $bm_rt = value;\n    }\n} catch (err) {\n    $bm_rt = value;\n}"}}}]},"ip":0,"op":1800,"st":0,"bm":0},{"ddd":0,"ind":2,"ty":4,"nm":"Shape Layer 1","sr":1,"ks":{"o":{"a":0,"k":100,"ix":11},"r":{"a":0,"k":0,"ix":10},"p":{"a":0,"k":[270,251,0],"ix":2,"l":2},"a":{"a":0,"k":[0,0,0],"ix":1,"l":2},"s":{"a":0,"k":[100,100,100],"ix":6,"l":2}},"ao":0,"shapes":[{"ty":"gr","it":[{"ind":0,"ty":"sh","ix":1,"ks":{"a":0,"k":{"i":[[0,0],[-28,7],[-14,4],[-8,0],[-12,1],[-11,0],[-11,1],[-8,-1],[-12,-1],[-12,0],[-9,-1],[-23,-2],[-24,0],[-14,0],[-20,8]],"o":[[0,0],[28,-7],[14,-4],[8,0],[12,-1],[11,0],[11,-1],[8,1],[12,1],[12,0],[9,1],[23,2],[24,0],[14,0],[20,-8]],"v":[[-249,67],[-139,-23],[-118,23],[-87,-26],[-79,23],[-48,-23],[-35,23],[-14,-24],[-1,25],[42,-25],[59,21],[87,-24],[108,19],[159,-26],[215,32]],"c":false},"ix":2},"nm":"Path 1","mn":"ADBE Vector Shape - Group","hd":false},{"ty":"st","c":{"a":0,"k":[0.327389705882,1,0.775590604894,1],"ix":3},"o":{"a":0,"k":100,"ix":4},"w":{"a":0,"k":13,"ix":5},"lc":2,"lj":1,"ml":4,"bm":0,"nm":"Stroke 1","mn":"ADBE Vector Graphic - Stroke","hd":false},{"ty":"tr","p":{"a":0,"k":[0,0],"ix":2},"a":{"a":0,"k":[0,0],"ix":1},"s":{"a":0,"k":[100,100],"ix":3},"r":{"a":0,"k":0,"ix":6},"o":{"a":0,"k":100,"ix":7},"sk":{"a":0,"k":0,"ix":4},"sa":{"a":0,"k":0,"ix":5},"nm":"Transform"}],"nm":"Shape 1","np":3,"cix":2,"bm":0,"ix":1,"mn":"ADBE Vector Group","hd":false},{"ty":"tm","s":{"a":1,"k":[{"i":{"x":[0.667],"y":[1]},"o":{"x":[0.333],"y":[0]},"t":0,"s":[0]},{"t":21,"s":[100]}],"ix":1},"e":{"a":1,"k":[{"i":{"x":[0.667],"y":[1]},"o":{"x":[0.333],"y":[0]},"t":6,"s":[0]},{"t":27,"s":[100]}],"ix":2},"o":{"a":0,"k":0,"ix":3},"m":1,"ix":2,"nm":"Trim Paths 1","mn":"ADBE Vector Filter - Trim","hd":false}],"ip":0,"op":1800,"st":0,"bm":0}],"markers":[],"chars":[{"ch":"W","size":64,"style":"Bold","w":103.7,"data":{"shapes":[{"ty":"gr","it":[{"ind":0,"ty":"sh","ix":1,"ks":{"a":0,"k":{"i":[[0,0],[0,0],[0,0],[0,0],[0,0],[0,0],[0,0],[0,0],[0,0],[0,0],[0,0],[0,0],[0,0]],"o":[[0,0],[0,0],[0,0],[0,0],[0,0],[0,0],[0,0],[0,0],[0,0],[0,0],[0,0],[0,0],[0,0]],"v":[[75.128,-22.055],[59.216,-71.402],[44.815,-71.402],[29.004,-22.256],[15.912,-71.402],[1.208,-71.402],[21.048,0],[35.55,0],[51.865,-50.858],[68.179,0],[82.48,0],[102.219,-71.402],[88.019,-71.402]],"c":true},"ix":2},"nm":"W","mn":"ADBE Vector Shape - Group","hd":false}],"nm":"W","np":3,"cix":2,"bm":0,"ix":1,"mn":"ADBE Vector Group","hd":false}]},"fFamily":"Circular Std"},{"ch":"E","size":64,"style":"Bold","w":58.2,"data":{"shapes":[{"ty":"gr","it":[{"ind":0,"ty":"sh","ix":1,"ks":{"a":0,"k":{"i":[[0,0],[0,0],[0,0],[0,0],[0,0],[0,0],[0,0],[0,0],[0,0],[0,0],[0,0],[0,0]],"o":[[0,0],[0,0],[0,0],[0,0],[0,0],[0,0],[0,0],[0,0],[0,0],[0,0],[0,0],[0,0]],"v":[[52.872,0],[52.872,-13.092],[22.055,-13.092],[22.055,-29.608],[49.951,-29.608],[49.951,-41.995],[22.055,-41.995],[22.055,-58.31],[52.872,-58.31],[52.872,-71.402],[8.157,-71.402],[8.157,0]],"c":true},"ix":2},"nm":"E","mn":"ADBE Vector Shape - Group","hd":false}],"nm":"E","np":3,"cix":2,"bm":0,"ix":1,"mn":"ADBE Vector Group","hd":false}]},"fFamily":"Circular Std"},{"ch":"L","size":64,"style":"Bold","w":56,"data":{"shapes":[{"ty":"gr","it":[{"ind":0,"ty":"sh","ix":1,"ks":{"a":0,"k":{"i":[[0,0],[0,0],[0,0],[0,0],[0,0],[0,0]],"o":[[0,0],[0,0],[0,0],[0,0],[0,0],[0,0]],"v":[[53.879,0],[53.879,-13.293],[22.055,-13.293],[22.055,-71.402],[8.157,-71.402],[8.157,0]],"c":true},"ix":2},"nm":"L","mn":"ADBE Vector Shape - Group","hd":false}],"nm":"L","np":3,"cix":2,"bm":0,"ix":1,"mn":"ADBE Vector Group","hd":false}]},"fFamily":"Circular Std"},{"ch":"C","size":64,"style":"Bold","w":75.7,"data":{"shapes":[{"ty":"gr","it":[{"ind":0,"ty":"sh","ix":1,"ks":{"a":0,"k":{"i":[[-19.94,0],[-2.719,10.977],[0,0],[12.186,0],[0,15.207],[-10.675,0],[-1.712,-6.848],[0,0],[19.739,0],[0,-22.76]],"o":[[20.041,0],[0,0],[-1.913,6.647],[-11.481,0],[0,-16.214],[12.387,0],[0,0],[-2.82,-11.581],[-19.135,0],[0,22.76]],"v":[[40.485,1.511],[73.517,-22.76],[60.526,-26.688],[40.485,-12.085],[18.329,-35.651],[40.283,-59.518],[59.921,-45.117],[73.013,-49.246],[40.283,-72.913],[3.928,-35.651]],"c":true},"ix":2},"nm":"C","mn":"ADBE Vector Shape - Group","hd":false}],"nm":"C","np":3,"cix":2,"bm":0,"ix":1,"mn":"ADBE Vector Group","hd":false}]},"fFamily":"Circular Std"},{"ch":"O","size":64,"style":"Bold","w":80.7,"data":{"shapes":[{"ty":"gr","it":[{"ind":0,"ty":"sh","ix":1,"ks":{"a":0,"k":{"i":[[0,16.113],[-10.977,0],[0,-16.113],[11.078,0]],"o":[[0,-16.113],[11.078,0],[0,16.113],[-10.977,0]],"v":[[18.329,-35.751],[40.585,-59.518],[62.943,-35.751],[40.585,-11.984]],"c":true},"ix":2},"nm":"O","mn":"ADBE Vector Shape - Group","hd":false},{"ind":1,"ty":"sh","ix":2,"ks":{"a":0,"k":{"i":[[0,-23.062],[-19.336,0],[0,22.961],[19.437,0]],"o":[[0,22.961],[19.437,0],[0,-23.062],[-19.336,0]],"v":[[3.928,-35.651],[40.585,1.511],[77.344,-35.651],[40.585,-72.913]],"c":true},"ix":2},"nm":"O","mn":"ADBE Vector Shape - Group","hd":false}],"nm":"O","np":5,"cix":2,"bm":0,"ix":1,"mn":"ADBE Vector Group","hd":false}]},"fFamily":"Circular Std"},{"ch":"M","size":64,"style":"Bold","w":95.3,"data":{"shapes":[{"ty":"gr","it":[{"ind":0,"ty":"sh","ix":1,"ks":{"a":0,"k":{"i":[[0,0],[0,0],[0,0],[0,0],[0,0],[0,0],[0,0],[0,0],[0,0],[0,0],[0,0],[0,0],[0,0]],"o":[[0,0],[0,0],[0,0],[0,0],[0,0],[0,0],[0,0],[0,0],[0,0],[0,0],[0,0],[0,0],[0,0]],"v":[[87.817,0],[87.817,-71.402],[68.884,-71.402],[47.937,-19.839],[26.486,-71.402],[8.157,-71.402],[8.157,0],[21.451,0],[21.451,-49.649],[41.995,0],[53.577,0],[74.121,-50.052],[74.121,0]],"c":true},"ix":2},"nm":"M","mn":"ADBE Vector Shape - Group","hd":false}],"nm":"M","np":3,"cix":2,"bm":0,"ix":1,"mn":"ADBE Vector Group","hd":false}]},"fFamily":"Circular Std"}]}