{"v":"5.6.3","fr":60,"ip":0,"op":240,"w":1600,"h":1200,"nm":"switch","ddd":0,"assets":[],"layers":[{"ddd":0,"ind":1,"ty":4,"nm":"“ON”轮廓 2","sr":1,"ks":{"o":{"a":1,"k":[{"i":{"x":[0.4],"y":[1]},"o":{"x":[0.167],"y":[0.167]},"t":120,"s":[100],"e":[0]},{"t":135}],"ix":11},"r":{"a":0,"k":0,"ix":10},"p":{"a":1,"k":[{"i":{"x":0.4,"y":1},"o":{"x":0.167,"y":0.167},"t":120,"s":[705.205,600,0],"e":[585.205,600,0],"to":[-20,0,0],"ti":[20,0,0]},{"t":135}],"ix":2},"a":{"a":0,"k":[88.918,-43.143,0],"ix":1},"s":{"a":0,"k":[100,100,100],"ix":6}},"ao":0,"shapes":[{"ty":"gr","it":[{"ind":0,"ty":"sh","ix":1,"ks":{"a":0,"k":{"i":[[13.173,0],[7.493,-8.701],[0,-13.173],[-7.251,-8.218],[-13.293,0],[-7.614,8.459],[0,13.293],[7.251,8.097]],"o":[[-13.293,0],[-7.251,8.218],[0,13.052],[7.493,8.459],[13.173,0],[7.251,-8.097],[0,-13.293],[-7.614,-8.58]],"v":[[46.769,-87.979],[15.59,-75.048],[4.834,-43.022],[15.59,-11.118],[46.769,1.692],[77.948,-10.997],[88.824,-43.022],[77.948,-75.168]],"c":true},"ix":2},"nm":"O","mn":"ADBE Vector Shape - Group","hd":false},{"ind":1,"ty":"sh","ix":2,"ks":{"a":0,"k":{"i":[[-8.943,0],[-4.834,-5.801],[0,-10.151],[4.713,-5.68],[8.943,0],[4.834,5.922],[0,9.789],[-4.713,5.801]],"o":[[8.943,0],[4.713,5.801],[0,10.151],[-4.834,5.68],[-8.943,0],[-4.713,-5.801],[0,-9.91],[4.955,-6.042]],"v":[[46.769,-75.531],[67.434,-66.951],[74.564,-43.022],[67.434,-19.336],[46.769,-10.756],[25.983,-19.698],[18.973,-43.022],[25.983,-66.467]],"c":true},"ix":2},"nm":"O","mn":"ADBE Vector Shape - Group","hd":false},{"ty":"mm","mm":1,"nm":"合并路径 1","mn":"ADBE Vector Filter - Merge","hd":false},{"ty":"fl","c":{"a":0,"k":[1,1,1,1],"ix":4},"o":{"a":0,"k":100,"ix":5},"r":1,"bm":0,"nm":"填充 1","mn":"ADBE Vector Graphic - Fill","hd":false},{"ty":"tr","p":{"a":0,"k":[0,0],"ix":2},"a":{"a":0,"k":[0,0],"ix":1},"s":{"a":0,"k":[100,100],"ix":3},"r":{"a":0,"k":0,"ix":6},"o":{"a":0,"k":100,"ix":7},"sk":{"a":0,"k":0,"ix":4},"sa":{"a":0,"k":0,"ix":5},"nm":"变换"}],"nm":"O","np":5,"cix":2,"bm":0,"ix":1,"mn":"ADBE Vector Group","hd":false},{"ty":"gr","it":[{"ind":0,"ty":"sh","ix":1,"ks":{"a":0,"k":{"i":[[0,0],[0,0],[0,0],[0,0],[0,0],[0,0],[0,0],[0,0],[0,0],[0,0],[0,0],[0,0]],"o":[[0,0],[0,0],[0,0],[0,0],[0,0],[0,0],[0,0],[0,0],[0,0],[0,0],[0,0],[0,0]],"v":[[101.459,-86.287],[101.459,0],[115.598,0],[115.598,-63.083],[116.082,-63.083],[159.225,0],[173.002,0],[173.002,-86.287],[158.741,-86.287],[158.741,-24.049],[158.258,-24.049],[115.598,-86.287]],"c":true},"ix":2},"nm":"N","mn":"ADBE Vector Shape - Group","hd":false},{"ty":"fl","c":{"a":0,"k":[1,1,1,1],"ix":4},"o":{"a":0,"k":100,"ix":5},"r":1,"bm":0,"nm":"填充 1","mn":"ADBE Vector Graphic - Fill","hd":false},{"ty":"tr","p":{"a":0,"k":[0,0],"ix":2},"a":{"a":0,"k":[0,0],"ix":1},"s":{"a":0,"k":[100,100],"ix":3},"r":{"a":0,"k":0,"ix":6},"o":{"a":0,"k":100,"ix":7},"sk":{"a":0,"k":0,"ix":4},"sa":{"a":0,"k":0,"ix":5},"nm":"变换"}],"nm":"N","np":3,"cix":2,"bm":0,"ix":2,"mn":"ADBE Vector Group","hd":false}],"ip":60,"op":1740,"st":-60,"bm":0},{"ddd":0,"ind":2,"ty":4,"nm":"“OFF”轮廓 2","sr":1,"ks":{"o":{"a":1,"k":[{"i":{"x":[0.4],"y":[1]},"o":{"x":[0.167],"y":[0.167]},"t":135,"s":[0],"e":[100]},{"t":150}],"ix":11},"r":{"a":0,"k":0,"ix":10},"p":{"a":1,"k":[{"i":{"x":0.4,"y":1},"o":{"x":0.167,"y":0.167},"t":135,"s":[1041.205,600,0],"e":[921.205,600,0],"to":[-20,0,0],"ti":[20,0,0]},{"t":150}],"ix":2},"a":{"a":0,"k":[117.492,-43.143,0],"ix":1},"s":{"a":0,"k":[100,100,100],"ix":6}},"ao":0,"shapes":[{"ty":"gr","it":[{"ind":0,"ty":"sh","ix":1,"ks":{"a":0,"k":{"i":[[13.173,0],[7.493,-8.701],[0,-13.173],[-7.251,-8.218],[-13.293,0],[-7.614,8.459],[0,13.293],[7.251,8.097]],"o":[[-13.293,0],[-7.251,8.218],[0,13.052],[7.493,8.459],[13.173,0],[7.251,-8.097],[0,-13.293],[-7.614,-8.58]],"v":[[46.769,-87.979],[15.59,-75.048],[4.834,-43.022],[15.59,-11.118],[46.769,1.692],[77.948,-10.997],[88.824,-43.022],[77.948,-75.168]],"c":true},"ix":2},"nm":"O","mn":"ADBE Vector Shape - Group","hd":false},{"ind":1,"ty":"sh","ix":2,"ks":{"a":0,"k":{"i":[[-8.943,0],[-4.834,-5.801],[0,-10.151],[4.713,-5.68],[8.943,0],[4.834,5.922],[0,9.789],[-4.713,5.801]],"o":[[8.943,0],[4.713,5.801],[0,10.151],[-4.834,5.68],[-8.943,0],[-4.713,-5.801],[0,-9.91],[4.955,-6.042]],"v":[[46.769,-75.531],[67.434,-66.951],[74.564,-43.022],[67.434,-19.336],[46.769,-10.756],[25.983,-19.698],[18.973,-43.022],[25.983,-66.467]],"c":true},"ix":2},"nm":"O","mn":"ADBE Vector Shape - Group","hd":false},{"ty":"mm","mm":1,"nm":"合并路径 1","mn":"ADBE Vector Filter - Merge","hd":false},{"ty":"fl","c":{"a":0,"k":[1,1,1,1],"ix":4},"o":{"a":0,"k":100,"ix":5},"r":1,"bm":0,"nm":"填充 1","mn":"ADBE Vector Graphic - Fill","hd":false},{"ty":"tr","p":{"a":0,"k":[0,0],"ix":2},"a":{"a":0,"k":[0,0],"ix":1},"s":{"a":0,"k":[100,100],"ix":3},"r":{"a":0,"k":0,"ix":6},"o":{"a":0,"k":100,"ix":7},"sk":{"a":0,"k":0,"ix":4},"sa":{"a":0,"k":0,"ix":5},"nm":"变换"}],"nm":"O","np":5,"cix":2,"bm":0,"ix":1,"mn":"ADBE Vector Group","hd":false},{"ty":"gr","it":[{"ind":0,"ty":"sh","ix":1,"ks":{"a":0,"k":{"i":[[0,0],[0,0],[0,0],[0,0],[0,0],[0,0],[0,0],[0,0],[0,0],[0,0]],"o":[[0,0],[0,0],[0,0],[0,0],[0,0],[0,0],[0,0],[0,0],[0,0],[0,0]],"v":[[101.459,-86.287],[101.459,0],[115.598,0],[115.598,-38.188],[157.775,-38.188],[157.775,-50.273],[115.598,-50.273],[115.598,-74.202],[160.312,-74.202],[160.312,-86.287]],"c":true},"ix":2},"nm":"F","mn":"ADBE Vector Shape - Group","hd":false},{"ty":"fl","c":{"a":0,"k":[1,1,1,1],"ix":4},"o":{"a":0,"k":100,"ix":5},"r":1,"bm":0,"nm":"填充 1","mn":"ADBE Vector Graphic - Fill","hd":false},{"ty":"tr","p":{"a":0,"k":[0,0],"ix":2},"a":{"a":0,"k":[0,0],"ix":1},"s":{"a":0,"k":[100,100],"ix":3},"r":{"a":0,"k":0,"ix":6},"o":{"a":0,"k":100,"ix":7},"sk":{"a":0,"k":0,"ix":4},"sa":{"a":0,"k":0,"ix":5},"nm":"变换"}],"nm":"F","np":3,"cix":2,"bm":0,"ix":2,"mn":"ADBE Vector Group","hd":false},{"ty":"gr","it":[{"ind":0,"ty":"sh","ix":1,"ks":{"a":0,"k":{"i":[[0,0],[0,0],[0,0],[0,0],[0,0],[0,0],[0,0],[0,0],[0,0],[0,0]],"o":[[0,0],[0,0],[0,0],[0,0],[0,0],[0,0],[0,0],[0,0],[0,0],[0,0]],"v":[[171.297,-86.287],[171.297,0],[185.436,0],[185.436,-38.188],[227.613,-38.188],[227.613,-50.273],[185.436,-50.273],[185.436,-74.202],[230.151,-74.202],[230.151,-86.287]],"c":true},"ix":2},"nm":"F","mn":"ADBE Vector Shape - Group","hd":false},{"ty":"fl","c":{"a":0,"k":[1,1,1,1],"ix":4},"o":{"a":0,"k":100,"ix":5},"r":1,"bm":0,"nm":"填充 1","mn":"ADBE Vector Graphic - Fill","hd":false},{"ty":"tr","p":{"a":0,"k":[0,0],"ix":2},"a":{"a":0,"k":[0,0],"ix":1},"s":{"a":0,"k":[100,100],"ix":3},"r":{"a":0,"k":0,"ix":6},"o":{"a":0,"k":100,"ix":7},"sk":{"a":0,"k":0,"ix":4},"sa":{"a":0,"k":0,"ix":5},"nm":"变换"}],"nm":"F","np":3,"cix":2,"bm":0,"ix":3,"mn":"ADBE Vector Group","hd":false}],"ip":60,"op":1740,"st":-60,"bm":0},{"ddd":0,"ind":3,"ty":4,"nm":"“ON”轮廓","sr":1,"ks":{"o":{"a":1,"k":[{"i":{"x":[0.4],"y":[1]},"o":{"x":[0.167],"y":[0.167]},"t":15,"s":[0],"e":[100]},{"t":30}],"ix":11},"r":{"a":0,"k":0,"ix":10},"p":{"a":1,"k":[{"i":{"x":0.4,"y":1},"o":{"x":0.167,"y":0.167},"t":15,"s":[585.205,600,0],"e":[705.205,600,0],"to":[20,0,0],"ti":[-20,0,0]},{"t":30}],"ix":2},"a":{"a":0,"k":[88.918,-43.143,0],"ix":1},"s":{"a":0,"k":[100,100,100],"ix":6}},"ao":0,"shapes":[{"ty":"gr","it":[{"ind":0,"ty":"sh","ix":1,"ks":{"a":0,"k":{"i":[[13.173,0],[7.493,-8.701],[0,-13.173],[-7.251,-8.218],[-13.293,0],[-7.614,8.459],[0,13.293],[7.251,8.097]],"o":[[-13.293,0],[-7.251,8.218],[0,13.052],[7.493,8.459],[13.173,0],[7.251,-8.097],[0,-13.293],[-7.614,-8.58]],"v":[[46.769,-87.979],[15.59,-75.048],[4.834,-43.022],[15.59,-11.118],[46.769,1.692],[77.948,-10.997],[88.824,-43.022],[77.948,-75.168]],"c":true},"ix":2},"nm":"O","mn":"ADBE Vector Shape - Group","hd":false},{"ind":1,"ty":"sh","ix":2,"ks":{"a":0,"k":{"i":[[-8.943,0],[-4.834,-5.801],[0,-10.151],[4.713,-5.68],[8.943,0],[4.834,5.922],[0,9.789],[-4.713,5.801]],"o":[[8.943,0],[4.713,5.801],[0,10.151],[-4.834,5.68],[-8.943,0],[-4.713,-5.801],[0,-9.91],[4.955,-6.042]],"v":[[46.769,-75.531],[67.434,-66.951],[74.564,-43.022],[67.434,-19.336],[46.769,-10.756],[25.983,-19.698],[18.973,-43.022],[25.983,-66.467]],"c":true},"ix":2},"nm":"O","mn":"ADBE Vector Shape - Group","hd":false},{"ty":"mm","mm":1,"nm":"合并路径 1","mn":"ADBE Vector Filter - Merge","hd":false},{"ty":"fl","c":{"a":0,"k":[1,1,1,1],"ix":4},"o":{"a":0,"k":100,"ix":5},"r":1,"bm":0,"nm":"填充 1","mn":"ADBE Vector Graphic - Fill","hd":false},{"ty":"tr","p":{"a":0,"k":[0,0],"ix":2},"a":{"a":0,"k":[0,0],"ix":1},"s":{"a":0,"k":[100,100],"ix":3},"r":{"a":0,"k":0,"ix":6},"o":{"a":0,"k":100,"ix":7},"sk":{"a":0,"k":0,"ix":4},"sa":{"a":0,"k":0,"ix":5},"nm":"变换"}],"nm":"O","np":5,"cix":2,"bm":0,"ix":1,"mn":"ADBE Vector Group","hd":false},{"ty":"gr","it":[{"ind":0,"ty":"sh","ix":1,"ks":{"a":0,"k":{"i":[[0,0],[0,0],[0,0],[0,0],[0,0],[0,0],[0,0],[0,0],[0,0],[0,0],[0,0],[0,0]],"o":[[0,0],[0,0],[0,0],[0,0],[0,0],[0,0],[0,0],[0,0],[0,0],[0,0],[0,0],[0,0]],"v":[[101.459,-86.287],[101.459,0],[115.598,0],[115.598,-63.083],[116.082,-63.083],[159.225,0],[173.002,0],[173.002,-86.287],[158.741,-86.287],[158.741,-24.049],[158.258,-24.049],[115.598,-86.287]],"c":true},"ix":2},"nm":"N","mn":"ADBE Vector Shape - Group","hd":false},{"ty":"fl","c":{"a":0,"k":[1,1,1,1],"ix":4},"o":{"a":0,"k":100,"ix":5},"r":1,"bm":0,"nm":"填充 1","mn":"ADBE Vector Graphic - Fill","hd":false},{"ty":"tr","p":{"a":0,"k":[0,0],"ix":2},"a":{"a":0,"k":[0,0],"ix":1},"s":{"a":0,"k":[100,100],"ix":3},"r":{"a":0,"k":0,"ix":6},"o":{"a":0,"k":100,"ix":7},"sk":{"a":0,"k":0,"ix":4},"sa":{"a":0,"k":0,"ix":5},"nm":"变换"}],"nm":"N","np":3,"cix":2,"bm":0,"ix":2,"mn":"ADBE Vector Group","hd":false}],"ip":-60,"op":60,"st":-60,"bm":0},{"ddd":0,"ind":4,"ty":4,"nm":"“OFF”轮廓","sr":1,"ks":{"o":{"a":1,"k":[{"i":{"x":[0.4],"y":[1]},"o":{"x":[0.167],"y":[0.167]},"t":0,"s":[100],"e":[0]},{"t":15}],"ix":11},"r":{"a":0,"k":0,"ix":10},"p":{"a":1,"k":[{"i":{"x":0.4,"y":1},"o":{"x":0.167,"y":0.167},"t":0,"s":[921.205,600,0],"e":[1041.205,600,0],"to":[20,0,0],"ti":[-20,0,0]},{"t":15}],"ix":2},"a":{"a":0,"k":[117.492,-43.143,0],"ix":1},"s":{"a":0,"k":[100,100,100],"ix":6}},"ao":0,"shapes":[{"ty":"gr","it":[{"ind":0,"ty":"sh","ix":1,"ks":{"a":0,"k":{"i":[[13.173,0],[7.493,-8.701],[0,-13.173],[-7.251,-8.218],[-13.293,0],[-7.614,8.459],[0,13.293],[7.251,8.097]],"o":[[-13.293,0],[-7.251,8.218],[0,13.052],[7.493,8.459],[13.173,0],[7.251,-8.097],[0,-13.293],[-7.614,-8.58]],"v":[[46.769,-87.979],[15.59,-75.048],[4.834,-43.022],[15.59,-11.118],[46.769,1.692],[77.948,-10.997],[88.824,-43.022],[77.948,-75.168]],"c":true},"ix":2},"nm":"O","mn":"ADBE Vector Shape - Group","hd":false},{"ind":1,"ty":"sh","ix":2,"ks":{"a":0,"k":{"i":[[-8.943,0],[-4.834,-5.801],[0,-10.151],[4.713,-5.68],[8.943,0],[4.834,5.922],[0,9.789],[-4.713,5.801]],"o":[[8.943,0],[4.713,5.801],[0,10.151],[-4.834,5.68],[-8.943,0],[-4.713,-5.801],[0,-9.91],[4.955,-6.042]],"v":[[46.769,-75.531],[67.434,-66.951],[74.564,-43.022],[67.434,-19.336],[46.769,-10.756],[25.983,-19.698],[18.973,-43.022],[25.983,-66.467]],"c":true},"ix":2},"nm":"O","mn":"ADBE Vector Shape - Group","hd":false},{"ty":"mm","mm":1,"nm":"合并路径 1","mn":"ADBE Vector Filter - Merge","hd":false},{"ty":"fl","c":{"a":0,"k":[1,1,1,1],"ix":4},"o":{"a":0,"k":100,"ix":5},"r":1,"bm":0,"nm":"填充 1","mn":"ADBE Vector Graphic - Fill","hd":false},{"ty":"tr","p":{"a":0,"k":[0,0],"ix":2},"a":{"a":0,"k":[0,0],"ix":1},"s":{"a":0,"k":[100,100],"ix":3},"r":{"a":0,"k":0,"ix":6},"o":{"a":0,"k":100,"ix":7},"sk":{"a":0,"k":0,"ix":4},"sa":{"a":0,"k":0,"ix":5},"nm":"变换"}],"nm":"O","np":5,"cix":2,"bm":0,"ix":1,"mn":"ADBE Vector Group","hd":false},{"ty":"gr","it":[{"ind":0,"ty":"sh","ix":1,"ks":{"a":0,"k":{"i":[[0,0],[0,0],[0,0],[0,0],[0,0],[0,0],[0,0],[0,0],[0,0],[0,0]],"o":[[0,0],[0,0],[0,0],[0,0],[0,0],[0,0],[0,0],[0,0],[0,0],[0,0]],"v":[[101.459,-86.287],[101.459,0],[115.598,0],[115.598,-38.188],[157.775,-38.188],[157.775,-50.273],[115.598,-50.273],[115.598,-74.202],[160.312,-74.202],[160.312,-86.287]],"c":true},"ix":2},"nm":"F","mn":"ADBE Vector Shape - Group","hd":false},{"ty":"fl","c":{"a":0,"k":[1,1,1,1],"ix":4},"o":{"a":0,"k":100,"ix":5},"r":1,"bm":0,"nm":"填充 1","mn":"ADBE Vector Graphic - Fill","hd":false},{"ty":"tr","p":{"a":0,"k":[0,0],"ix":2},"a":{"a":0,"k":[0,0],"ix":1},"s":{"a":0,"k":[100,100],"ix":3},"r":{"a":0,"k":0,"ix":6},"o":{"a":0,"k":100,"ix":7},"sk":{"a":0,"k":0,"ix":4},"sa":{"a":0,"k":0,"ix":5},"nm":"变换"}],"nm":"F","np":3,"cix":2,"bm":0,"ix":2,"mn":"ADBE Vector Group","hd":false},{"ty":"gr","it":[{"ind":0,"ty":"sh","ix":1,"ks":{"a":0,"k":{"i":[[0,0],[0,0],[0,0],[0,0],[0,0],[0,0],[0,0],[0,0],[0,0],[0,0]],"o":[[0,0],[0,0],[0,0],[0,0],[0,0],[0,0],[0,0],[0,0],[0,0],[0,0]],"v":[[171.297,-86.287],[171.297,0],[185.436,0],[185.436,-38.188],[227.613,-38.188],[227.613,-50.273],[185.436,-50.273],[185.436,-74.202],[230.151,-74.202],[230.151,-86.287]],"c":true},"ix":2},"nm":"F","mn":"ADBE Vector Shape - Group","hd":false},{"ty":"fl","c":{"a":0,"k":[1,1,1,1],"ix":4},"o":{"a":0,"k":100,"ix":5},"r":1,"bm":0,"nm":"填充 1","mn":"ADBE Vector Graphic - Fill","hd":false},{"ty":"tr","p":{"a":0,"k":[0,0],"ix":2},"a":{"a":0,"k":[0,0],"ix":1},"s":{"a":0,"k":[100,100],"ix":3},"r":{"a":0,"k":0,"ix":6},"o":{"a":0,"k":100,"ix":7},"sk":{"a":0,"k":0,"ix":4},"sa":{"a":0,"k":0,"ix":5},"nm":"变换"}],"nm":"F","np":3,"cix":2,"bm":0,"ix":3,"mn":"ADBE Vector Group","hd":false}],"ip":-60,"op":60,"st":-60,"bm":0},{"ddd":0,"ind":7,"ty":3,"nm":"“图层 2”轮廓 2: 路径 1 [1.0]","cl":"0","parent":11,"sr":1,"ks":{"o":{"a":0,"k":0,"ix":11},"r":{"a":0,"k":0,"ix":10},"p":{"a":1,"k":[{"i":{"x":0.833,"y":0.833},"o":{"x":0.167,"y":0.167},"t":0,"s":[240.25,120.25,0],"e":[280.25,120.25,0],"to":[6.667,0,0],"ti":[0,0,0]},{"i":{"x":0.833,"y":0.833},"o":{"x":0.167,"y":0.167},"t":10,"s":[280.25,120.25,0],"e":[240.25,120.25,0],"to":[0,0,0],"ti":[6.667,0,0]},{"i":{"x":0.833,"y":0.833},"o":{"x":0.167,"y":0.167},"t":30,"s":[240.25,120.25,0],"e":[240.25,120.25,0],"to":[0,0,0],"ti":[0,0,0]},{"i":{"x":0.833,"y":0.833},"o":{"x":0.167,"y":0.167},"t":120,"s":[240.25,120.25,0],"e":[260.25,120.25,0],"to":[3.333,0,0],"ti":[4,0,0]},{"i":{"x":0.833,"y":0.833},"o":{"x":0.167,"y":0.167},"t":130,"s":[260.25,120.25,0],"e":[216.25,120.25,0],"to":[-4,0,0],"ti":[4,0,0]},{"i":{"x":0.999,"y":1},"o":{"x":0.167,"y":0.167},"t":150,"s":[216.25,120.25,0],"e":[236.25,120.25,0],"to":[-4,0,0],"ti":[-3.977,0,0]},{"i":{"x":0.5,"y":1},"o":{"x":0.001,"y":0},"t":160,"s":[236.25,120.25,0],"e":[240.111,120.25,0],"to":[3.977,0,0],"ti":[0.237,0,0]},{"i":{"x":0.5,"y":1},"o":{"x":0.5,"y":0},"t":165,"s":[240.111,120.25,0],"e":[234.83,120.25,0],"to":[-0.237,0,0],"ti":[0.556,0,0]},{"i":{"x":0.5,"y":1},"o":{"x":0.5,"y":0},"t":175,"s":[234.83,120.25,0],"e":[236.773,120.25,0],"to":[-0.556,0,0],"ti":[-0.903,0,0]},{"i":{"x":0.5,"y":1},"o":{"x":0.5,"y":0},"t":185,"s":[236.773,120.25,0],"e":[240.25,120.25,0],"to":[0.903,0,0],"ti":[-0.58,0,0]},{"t":195}],"ix":2},"a":{"a":0,"k":[0,0,0],"ix":1},"s":{"a":0,"k":[100,100,100],"ix":6}},"ao":0,"ip":-60,"op":1740,"st":-60,"bm":0},{"ddd":0,"ind":8,"ty":3,"nm":"“图层 2”轮廓 2: 路径 1 [1.1]","cl":"1","parent":11,"sr":1,"ks":{"o":{"a":0,"k":0,"ix":11},"r":{"a":0,"k":0,"ix":10},"p":{"a":1,"k":[{"i":{"x":0.833,"y":0.833},"o":{"x":0.167,"y":0.167},"t":0,"s":[120.25,0.25,0],"e":[120.25,12.25,0],"to":[0,2,0],"ti":[0,0,0]},{"i":{"x":0.999,"y":1},"o":{"x":0.167,"y":0.167},"t":10,"s":[120.25,12.25,0],"e":[120.25,0.25,0],"to":[0,0,0],"ti":[0,2.386,0]},{"i":{"x":0.5,"y":1},"o":{"x":0.001,"y":0},"t":30,"s":[120.25,0.25,0],"e":[120.25,-2.067,0],"to":[0,-2.386,0],"ti":[0,-0.142,0]},{"i":{"x":0.5,"y":1},"o":{"x":0.5,"y":0},"t":40,"s":[120.25,-2.067,0],"e":[120.25,1.102,0],"to":[0,0.142,0],"ti":[0,-0.334,0]},{"i":{"x":0.5,"y":1},"o":{"x":0.5,"y":0},"t":60,"s":[120.25,1.102,0],"e":[120.25,-0.064,0],"to":[0,0.334,0],"ti":[0,0.142,0]},{"i":{"x":0.833,"y":0.833},"o":{"x":0.5,"y":0},"t":80,"s":[120.25,-0.064,0],"e":[120.25,0.25,0],"to":[0,-0.142,0],"ti":[0,-2.052,0]},{"i":{"x":0.833,"y":0.833},"o":{"x":0.167,"y":0.167},"t":120,"s":[120.25,0.25,0],"e":[120.25,12.25,0],"to":[0,2.052,0],"ti":[0,0,0]},{"i":{"x":0.999,"y":1},"o":{"x":0.167,"y":0.167},"t":130,"s":[120.25,12.25,0],"e":[120.25,0.25,0],"to":[0,0,0],"ti":[0,2.386,0]},{"i":{"x":0.5,"y":1},"o":{"x":0.001,"y":0},"t":150,"s":[120.25,0.25,0],"e":[120.25,-2.067,0],"to":[0,-2.386,0],"ti":[0,-0.142,0]},{"i":{"x":0.5,"y":1},"o":{"x":0.5,"y":0},"t":160,"s":[120.25,-2.067,0],"e":[120.25,1.102,0],"to":[0,0.142,0],"ti":[0,-0.334,0]},{"i":{"x":0.5,"y":1},"o":{"x":0.5,"y":0},"t":180,"s":[120.25,1.102,0],"e":[120.25,-0.064,0],"to":[0,0.334,0],"ti":[0,0.194,0]},{"t":200}],"ix":2},"a":{"a":0,"k":[0,0,0],"ix":1},"s":{"a":0,"k":[100,100,100],"ix":6}},"ao":0,"ip":-60,"op":1740,"st":-60,"bm":0},{"ddd":0,"ind":9,"ty":3,"nm":"“图层 2”轮廓 2: 路径 1 [1.2]","cl":"2","parent":11,"sr":1,"ks":{"o":{"a":0,"k":0,"ix":11},"r":{"a":0,"k":0,"ix":10},"p":{"a":1,"k":[{"i":{"x":0.833,"y":0.833},"o":{"x":0.167,"y":0.167},"t":0,"s":[0.25,120.25,0],"e":[-19.75,120.25,0],"to":[-3.333,0,0],"ti":[-3.333,0,0]},{"i":{"x":0.833,"y":0.833},"o":{"x":0.167,"y":0.167},"t":10,"s":[-19.75,120.25,0],"e":[20.25,120.25,0],"to":[3.333,0,0],"ti":[-3.333,0,0]},{"i":{"x":0.999,"y":1},"o":{"x":0.167,"y":0.167},"t":30,"s":[20.25,120.25,0],"e":[0.25,120.25,0],"to":[3.333,0,0],"ti":[3.977,0,0]},{"i":{"x":0.5,"y":1},"o":{"x":0.001,"y":0},"t":40,"s":[0.25,120.25,0],"e":[-3.611,120.25,0],"to":[-3.977,0,0],"ti":[-0.237,0,0]},{"i":{"x":0.5,"y":1},"o":{"x":0.5,"y":0},"t":45,"s":[-3.611,120.25,0],"e":[1.67,120.25,0],"to":[0.237,0,0],"ti":[-0.556,0,0]},{"i":{"x":0.5,"y":1},"o":{"x":0.5,"y":0},"t":55,"s":[1.67,120.25,0],"e":[-0.273,120.25,0],"to":[0.556,0,0],"ti":[0.205,0,0]},{"i":{"x":0.5,"y":1},"o":{"x":0.5,"y":0},"t":65,"s":[-0.273,120.25,0],"e":[0.442,120.25,0],"to":[-0.205,0,0],"ti":[-0.087,0,0]},{"i":{"x":0.833,"y":0.833},"o":{"x":0.5,"y":0},"t":75,"s":[0.442,120.25,0],"e":[0.25,120.25,0],"to":[0.087,0,0],"ti":[6.699,0,0]},{"i":{"x":0.833,"y":0.833},"o":{"x":0.167,"y":0.167},"t":120,"s":[0.25,120.25,0],"e":[-39.75,120.25,0],"to":[-6.699,0,0],"ti":[0,0,0]},{"i":{"x":0.833,"y":0.833},"o":{"x":0.167,"y":0.167},"t":130,"s":[-39.75,120.25,0],"e":[0.25,120.25,0],"to":[0,0,0],"ti":[-6.667,0,0]},{"t":150}],"ix":2},"a":{"a":0,"k":[0,0,0],"ix":1},"s":{"a":0,"k":[100,100,100],"ix":6}},"ao":0,"ip":-60,"op":1740,"st":-60,"bm":0},{"ddd":0,"ind":10,"ty":3,"nm":"“图层 2”轮廓 2: 路径 1 [1.3]","cl":"3","parent":11,"sr":1,"ks":{"o":{"a":0,"k":0,"ix":11},"r":{"a":0,"k":0,"ix":10},"p":{"a":1,"k":[{"i":{"x":0.833,"y":0.833},"o":{"x":0.167,"y":0.167},"t":0,"s":[120.25,240.25,0],"e":[120.25,228.25,0],"to":[0,-2,0],"ti":[0,0,0]},{"i":{"x":0.999,"y":1},"o":{"x":0.167,"y":0.167},"t":10,"s":[120.25,228.25,0],"e":[120.25,240.25,0],"to":[0,0,0],"ti":[0,-2.386,0]},{"i":{"x":0.5,"y":1},"o":{"x":0.001,"y":0},"t":30,"s":[120.25,240.25,0],"e":[120.25,242.567,0],"to":[0,2.386,0],"ti":[0,0.142,0]},{"i":{"x":0.5,"y":1},"o":{"x":0.5,"y":0},"t":40,"s":[120.25,242.567,0],"e":[120.25,239.398,0],"to":[0,-0.142,0],"ti":[0,0.334,0]},{"i":{"x":0.5,"y":1},"o":{"x":0.5,"y":0},"t":60,"s":[120.25,239.398,0],"e":[120.25,240.564,0],"to":[0,-0.334,0],"ti":[0,-0.142,0]},{"i":{"x":0.833,"y":0.833},"o":{"x":0.5,"y":0},"t":80,"s":[120.25,240.564,0],"e":[120.25,240.25,0],"to":[0,0.142,0],"ti":[0,2.052,0]},{"i":{"x":0.833,"y":0.833},"o":{"x":0.167,"y":0.167},"t":120,"s":[120.25,240.25,0],"e":[120.25,228.25,0],"to":[0,-2.052,0],"ti":[0,0,0]},{"i":{"x":0.999,"y":1},"o":{"x":0.167,"y":0.167},"t":130,"s":[120.25,228.25,0],"e":[120.25,240.25,0],"to":[0,0,0],"ti":[0,-2.386,0]},{"i":{"x":0.5,"y":1},"o":{"x":0.001,"y":0},"t":150,"s":[120.25,240.25,0],"e":[120.25,242.567,0],"to":[0,2.386,0],"ti":[0,0.142,0]},{"i":{"x":0.5,"y":1},"o":{"x":0.5,"y":0},"t":160,"s":[120.25,242.567,0],"e":[120.25,239.398,0],"to":[0,-0.142,0],"ti":[0,0.334,0]},{"i":{"x":0.5,"y":1},"o":{"x":0.5,"y":0},"t":180,"s":[120.25,239.398,0],"e":[120.25,240.564,0],"to":[0,-0.334,0],"ti":[0,-0.194,0]},{"t":200}],"ix":2},"a":{"a":0,"k":[0,0,0],"ix":1},"s":{"a":0,"k":[100,100,100],"ix":6}},"ao":0,"ip":-60,"op":1740,"st":-60,"bm":0},{"ddd":0,"ind":11,"ty":4,"nm":"“图层 2”轮廓 2","sr":1,"ks":{"o":{"a":0,"k":100,"ix":11},"r":{"a":0,"k":0,"ix":10},"p":{"a":1,"k":[{"i":{"x":0.4,"y":1},"o":{"x":0.167,"y":0.167},"t":0,"s":[640,600,0],"e":[960,600,0],"to":[53.333,0,0],"ti":[-53.333,0,0]},{"i":{"x":0.4,"y":0.4},"o":{"x":0.167,"y":0.167},"t":30,"s":[960,600,0],"e":[960,600,0],"to":[0,0,0],"ti":[0,0,0]},{"i":{"x":0.4,"y":1},"o":{"x":0.167,"y":0},"t":120,"s":[960,600,0],"e":[640,600,0],"to":[-53.333,0,0],"ti":[53.333,0,0]},{"t":150}],"ix":2},"a":{"a":0,"k":[120.25,120.25,0],"ix":1},"s":{"a":0,"k":[100,100,100],"ix":6}},"ao":0,"ef":[{"ty":5,"nm":"“图层 2”轮廓 2: 路径 1 [1.0]","np":3,"mn":"ADBE Layer Control","ix":1,"en":1,"ef":[{"ty":10,"nm":"图层","mn":"ADBE Layer Control-0001","ix":1,"v":{"a":0,"k":7,"ix":1}}]},{"ty":5,"nm":"“图层 2”轮廓 2: 路径 1 [1.1]","np":3,"mn":"ADBE Layer Control","ix":2,"en":1,"ef":[{"ty":10,"nm":"图层","mn":"ADBE Layer Control-0001","ix":1,"v":{"a":0,"k":8,"ix":1}}]},{"ty":5,"nm":"“图层 2”轮廓 2: 路径 1 [1.2]","np":3,"mn":"ADBE Layer Control","ix":3,"en":1,"ef":[{"ty":10,"nm":"图层","mn":"ADBE Layer Control-0001","ix":1,"v":{"a":0,"k":9,"ix":1}}]},{"ty":5,"nm":"“图层 2”轮廓 2: 路径 1 [1.3]","np":3,"mn":"ADBE Layer Control","ix":4,"en":1,"ef":[{"ty":10,"nm":"图层","mn":"ADBE Layer Control-0001","ix":1,"v":{"a":0,"k":10,"ix":1}}]}],"shapes":[{"ind":0,"ty":"sh","ix":1,"ks":{"a":0,"k":{"i":[[0,66.274],[66.274,0],[0,-66.274],[-66.274,0]],"o":[[0,-66.274],[-66.274,0],[0,66.274],[66.274,0]],"v":[[240.25,120.25],[120.25,0.25],[0.25,120.25],[120.25,240.25]],"c":true},"ix":2,"x":"var $bm_rt;\nvar nullLayerNames = [\n        '\\u201c\\u56fe\\u5c42 2\\u201d\\u8f6e\\u5ed3 2: \\u8def\\u5f84 1 [1.0]',\n        '\\u201c\\u56fe\\u5c42 2\\u201d\\u8f6e\\u5ed3 2: \\u8def\\u5f84 1 [1.1]',\n        '\\u201c\\u56fe\\u5c42 2\\u201d\\u8f6e\\u5ed3 2: \\u8def\\u5f84 1 [1.2]',\n        '\\u201c\\u56fe\\u5c42 2\\u201d\\u8f6e\\u5ed3 2: \\u8def\\u5f84 1 [1.3]'\n    ];\nvar origPath = thisProperty;\nvar origPoints = origPath.points();\nvar origInTang = origPath.inTangents();\nvar origOutTang = origPath.outTangents();\nvar getNullLayers = [];\nfor (var i = 0, il = nullLayerNames.length; i < il; i++) {\n    try {\n        getNullLayers.push(effect(nullLayerNames[i])('ADBE Layer Control-0001'));\n    } catch (err) {\n        getNullLayers.push(null);\n    }\n}\nfor (var i = 0, il = getNullLayers.length; i < il; i++) {\n    if (getNullLayers[i] != null && getNullLayers[i].index != thisLayer.index) {\n        origPoints[i] = fromCompToSurface(getNullLayers[i].toComp(getNullLayers[i].anchorPoint));\n    }\n}\n$bm_rt = createPath(origPoints, origInTang, origOutTang, origPath.isClosed());"},"nm":"路径 1","mn":"ADBE Vector Shape - Group","hd":false},{"ty":"fl","c":{"a":0,"k":[1,1,1,1],"ix":4},"o":{"a":0,"k":100,"ix":5},"r":1,"bm":0,"nm":"填充 1","mn":"ADBE Vector Graphic - Fill","hd":false}],"ip":-60,"op":1740,"st":-60,"bm":0},{"ddd":0,"ind":13,"ty":4,"nm":"“图层 4”轮廓","sr":1,"ks":{"o":{"a":1,"k":[{"i":{"x":[0.833],"y":[0.833]},"o":{"x":[0.167],"y":[0.167]},"t":0,"s":[100],"e":[0]},{"i":{"x":[0.833],"y":[0.833]},"o":{"x":[0.167],"y":[0.167]},"t":30,"s":[0],"e":[0]},{"i":{"x":[0.833],"y":[0.833]},"o":{"x":[0.167],"y":[0.167]},"t":120,"s":[0],"e":[100]},{"t":150}],"ix":11},"r":{"a":0,"k":0,"ix":10},"p":{"a":0,"k":[800,600,0],"ix":2},"a":{"a":0,"k":[300.25,140.25,0],"ix":1},"s":{"a":0,"k":[100,100,100],"ix":6}},"ao":0,"shapes":[{"ty":"gr","it":[{"ind":0,"ty":"sh","ix":1,"ks":{"a":0,"k":{"i":[[77.32,0],[0,0],[0,77.32],[-77.32,0],[0,0],[0,-77.32]],"o":[[0,0],[-77.32,0],[0,-77.32],[0,0],[77.32,0],[0,77.32]],"v":[[160,140],[-160,140],[-300,0],[-160,-140],[160,-140],[300,0]],"c":true},"ix":2},"nm":"路径 1","mn":"ADBE Vector Shape - Group","hd":false},{"ty":"fl","c":{"a":0,"k":[0.788000009574,0.788000009574,0.788000009574,1],"ix":4},"o":{"a":0,"k":100,"ix":5},"r":1,"bm":0,"nm":"填充 1","mn":"ADBE Vector Graphic - Fill","hd":false},{"ty":"tr","p":{"a":0,"k":[300.25,140.25],"ix":2},"a":{"a":0,"k":[0,0],"ix":1},"s":{"a":0,"k":[100,100],"ix":3},"r":{"a":0,"k":0,"ix":6},"o":{"a":0,"k":100,"ix":7},"sk":{"a":0,"k":0,"ix":4},"sa":{"a":0,"k":0,"ix":5},"nm":"变换"}],"nm":"组 1","np":2,"cix":2,"bm":0,"ix":1,"mn":"ADBE Vector Group","hd":false}],"ip":-60,"op":1740,"st":-60,"bm":0},{"ddd":0,"ind":14,"ty":4,"nm":"“图层 5”轮廓","sr":1,"ks":{"o":{"a":0,"k":100,"ix":11},"r":{"a":0,"k":0,"ix":10},"p":{"a":0,"k":[800,600,0],"ix":2},"a":{"a":0,"k":[300.25,140.25,0],"ix":1},"s":{"a":0,"k":[100,100,100],"ix":6}},"ao":0,"shapes":[{"ty":"gr","it":[{"ind":0,"ty":"sh","ix":1,"ks":{"a":0,"k":{"i":[[77.32,0],[0,0],[0,77.32],[-77.32,0],[0,0],[0,-77.32]],"o":[[0,0],[-77.32,0],[0,-77.32],[0,0],[77.32,0],[0,77.32]],"v":[[160,140],[-160,140],[-300,0],[-160,-140],[160,-140],[300,0]],"c":true},"ix":2},"nm":"路径 1","mn":"ADBE Vector Shape - Group","hd":false},{"ty":"fl","c":{"a":0,"k":[0.10588235294117647,0.7333333333333333,0.37254901960784315,1],"ix":4},"o":{"a":0,"k":100,"ix":5},"r":1,"bm":0,"nm":"填充 1","mn":"ADBE Vector Graphic - Fill","hd":false},{"ty":"tr","p":{"a":0,"k":[300.25,140.25],"ix":2},"a":{"a":0,"k":[0,0],"ix":1},"s":{"a":0,"k":[100,100],"ix":3},"r":{"a":0,"k":0,"ix":6},"o":{"a":0,"k":100,"ix":7},"sk":{"a":0,"k":0,"ix":4},"sa":{"a":0,"k":0,"ix":5},"nm":"变换"}],"nm":"组 1","np":2,"cix":2,"bm":0,"ix":1,"mn":"ADBE Vector Group","hd":false}],"ip":-60,"op":1740,"st":-60,"bm":0}],"markers":[{"tm":70,"cm":"右10左5上下3","dr":0}]}